<?xml version="1.0" encoding="utf-8" ?>
<gadget>
    <name>My Custom Gadget</name>
    <namespace>Sample Gadget</namespace>
    <version>1.0.0.0</version>
    <author name="Kiran Vidhate">
        <info url="www.example.com" />
    </author>
    <copyright>Kiran Vidhate</copyright>
    <description>Sample Digital Clock Gadget</description>
    <hosts>
        <host name="sidebar">
            <base type="HTML" apiVersion="1.0.0" src="MyCustomGadget.html" />
            <platform minPlatformVersion="1.0" />
            <permissions>Full</permissions>
        </host>
    </hosts>
</gadget>